<?xml version="1.0" encoding="UTF-8"?>
<project-private xmlns="http://www.netbeans.org/ns/project-private/1">
    <editor-bookmarks xmlns="http://www.netbeans.org/ns/editor-bookmarks/2" lastBookmarkId="1"/>
    <open-files xmlns="http://www.netbeans.org/ns/projectui-open-files/2">
        <group>
            <file>file:/C:/Users/destr/OneDrive/Documents/NetBeansProjects/Progetto%20Brandi%20Piscopo/src/Server/Server_Compilatore.java</file>
            <file>file:/C:/Users/destr/OneDrive/Documents/NetBeansProjects/Progetto%20Brandi%20Piscopo/src/Client/Client.java</file>
        </group>
    </open-files>
</project-private>
